101,Central
105,Central
109,Central
111,Central
112,Central
118,Central
119,Central
121,Central
122,Central
123,Central
124,Central
127,Central
128,Central
129,Central
131,Central
132,Central
133,Central
134,Central
135,Central
138,Central
139,Central
141,Central
142,Central
143,Central
144,Central
145,Central
146,Central
147,Central
148,Central
151,Central
152,Central
153,Central
154,Central
155,Central
156,Central
157,Central
158,Central
159,Central
161,Central
162,Central
163,Central
164,Central
165,Central
166,Central
171,Central
174,Central
176,Central
181,Central
182,Central
185,Central
191,Central
192,Central
195,Central
201,Rampart
202,Rampart
203,Rampart
204,Rampart
205,Rampart
211,Rampart
212,Rampart
213,Rampart
215,Rampart
216,Rampart
217,Rampart
218,Rampart
219,Rampart
221,Rampart
225,Rampart
231,Rampart
233,Rampart
235,Rampart
236,Rampart
237,Rampart
238,Rampart
239,Rampart
241,Rampart
242,Rampart
245,Rampart
246,Rampart
247,Rampart
248,Rampart
249,Rampart
251,Rampart
256,Rampart
257,Rampart
261,Rampart
265,Rampart
266,Rampart
267,Rampart
269,Rampart
271,Rampart
275,Rampart
277,Rampart
279,Rampart
281,Rampart
285,Rampart
289,Rampart
291,Rampart
292,Rampart
295,Rampart
299,Rampart
301,Southwest
303,Southwest
305,Southwest
307,Southwest
308,Southwest
309,Southwest
311,Southwest
312,Southwest
313,Southwest
314,Southwest
315,Southwest
316,Southwest
317,Southwest
318,Southwest
319,Southwest
321,Southwest
325,Southwest
326,Southwest
327,Southwest
328,Southwest
329,Southwest
331,Southwest
332,Southwest
333,Southwest
334,Southwest
335,Southwest
336,Southwest
337,Southwest
338,Southwest
341,Southwest
343,Southwest
351,Southwest
353,Southwest
354,Southwest
355,Southwest
356,Southwest
357,Southwest
358,Southwest
359,Southwest
361,Southwest
362,Southwest
363,Southwest
373,Southwest
374,Southwest
375,Southwest
376,Southwest
377,Southwest
378,Southwest
379,Southwest
391,Southwest
392,Southwest
393,Southwest
394,Southwest
395,Southwest
396,Southwest
397,Southwest
398,Southwest
399,Southwest
401,Hollenbeck
402,Hollenbeck
403,Hollenbeck
404,Hollenbeck
405,Hollenbeck
406,Hollenbeck
407,Hollenbeck
408,Hollenbeck
409,Hollenbeck
411,Hollenbeck
412,Hollenbeck
413,Hollenbeck
414,Hollenbeck
415,Hollenbeck
416,Hollenbeck
417,Hollenbeck
418,Hollenbeck
421,Hollenbeck
422,Hollenbeck
423,Hollenbeck
424,Hollenbeck
426,Hollenbeck
427,Hollenbeck
428,Hollenbeck
429,Hollenbeck
437,Hollenbeck
438,Hollenbeck
439,Hollenbeck
441,Hollenbeck
442,Hollenbeck
443,Hollenbeck
445,Hollenbeck
448,Hollenbeck
449,Hollenbeck
451,Hollenbeck
452,Hollenbeck
453,Hollenbeck
454,Hollenbeck
455,Hollenbeck
456,Hollenbeck
457,Hollenbeck
459,Hollenbeck
461,Hollenbeck
462,Hollenbeck
463,Hollenbeck
464,Hollenbeck
465,Hollenbeck
466,Hollenbeck
467,Hollenbeck
468,Hollenbeck
469,Hollenbeck
471,Hollenbeck
473,Hollenbeck
477,Hollenbeck
478,Hollenbeck
479,Hollenbeck
483,Hollenbeck
487,Hollenbeck
488,Hollenbeck
489,Hollenbeck
491,Hollenbeck
497,Hollenbeck
499,Hollenbeck
500,Harbor
501,Harbor
502,Harbor
503,Harbor
504,Harbor
505,Harbor
506,Harbor
507,Harbor
508,Harbor
509,Harbor
511,Harbor
512,Harbor
513,Harbor
514,Harbor
515,Harbor
516,Harbor
517,Harbor
518,Harbor
519,Harbor
521,Harbor
522,Harbor
523,Harbor
524,Harbor
525,Harbor
526,Harbor
527,Harbor
528,Harbor
529,Harbor
531,Harbor
532,Harbor
541,Harbor
551,Harbor
555,Harbor
557,Harbor
558,Harbor
559,Harbor
561,Harbor
562,Harbor
563,Harbor
564,Harbor
565,Harbor
566,Harbor
567,Harbor
569,Harbor
581,Harbor
583,Harbor
584,Harbor
585,Harbor
587,Harbor
589,Harbor
599,Harbor
600,Hollywood
615,Hollywood
621,Hollywood
622,Hollywood
625,Hollywood
626,Hollywood
627,Hollywood
628,Hollywood
629,Hollywood
631,Hollywood
632,Hollywood
635,Hollywood
636,Hollywood
637,Hollywood
638,Hollywood
639,Hollywood
642,Hollywood
643,Hollywood
644,Hollywood
645,Hollywood
646,Hollywood
647,Hollywood
648,Hollywood
649,Hollywood
656,Hollywood
657,Hollywood
659,Hollywood
663,Hollywood
665,Hollywood
666,Hollywood
667,Hollywood
668,Hollywood
669,Hollywood
676,Hollywood
677,Hollywood
678,Hollywood
679,Hollywood
697,Hollywood
700,Wilshire
701,Wilshire
702,Wilshire
704,Wilshire
705,Wilshire
706,Wilshire
711,Wilshire
713,Wilshire
714,Wilshire
715,Wilshire
717,Wilshire
719,Wilshire
721,Wilshire
722,Wilshire
723,Wilshire
724,Wilshire
725,Wilshire
726,Wilshire
727,Wilshire
728,Wilshire
729,Wilshire
732,Wilshire
733,Wilshire
734,Wilshire
735,Wilshire
736,Wilshire
737,Wilshire
738,Wilshire
739,Wilshire
742,Wilshire
743,Wilshire
745,Wilshire
747,Wilshire
749,Wilshire
752,Wilshire
753,Wilshire
755,Wilshire
758,Wilshire
759,Wilshire
762,Wilshire
763,Wilshire
764,Wilshire
765,Wilshire
766,Wilshire
767,Wilshire
768,Wilshire
769,Wilshire
771,Wilshire
772,Wilshire
773,Wilshire
774,Wilshire
775,Wilshire
776,Wilshire
777,Wilshire
778,Wilshire
779,Wilshire
782,Wilshire
783,Wilshire
784,Wilshire
785,Wilshire
787,Wilshire
788,Wilshire
789,Wilshire
801,West LA
802,West LA
803,West LA
804,West LA
805,West LA
806,West LA
807,West LA
808,West LA
809,West LA
811,West LA
812,West LA
813,West LA
814,West LA
815,West LA
816,West LA
817,West LA
818,West LA
819,West LA
821,West LA
822,West LA
823,West LA
824,West LA
825,West LA
826,West LA
827,West LA
828,West LA
829,West LA
831,West LA
832,West LA
833,West LA
834,West LA
835,West LA
836,West LA
837,West LA
838,West LA
839,West LA
841,West LA
842,West LA
843,West LA
847,West LA
848,West LA
849,West LA
851,West LA
852,West LA
853,West LA
854,West LA
855,West LA
857,West LA
858,West LA
859,West LA
861,West LA
871,West LA
872,West LA
881,West LA
882,West LA
883,West LA
884,West LA
885,West LA
886,West LA
887,West LA
889,West LA
891,West LA
892,West LA
893,West LA
895,West LA
896,West LA
897,West LA
898,West LA
899,West LA
900,Van Nuys
901,Van Nuys
904,Van Nuys
905,Van Nuys
906,Van Nuys
909,Van Nuys
911,Van Nuys
914,Van Nuys
915,Van Nuys
916,Van Nuys
919,Van Nuys
923,Van Nuys
926,Van Nuys
927,Van Nuys
929,Van Nuys
931,Van Nuys
932,Van Nuys
933,Van Nuys
935,Van Nuys
936,Van Nuys
937,Van Nuys
938,Van Nuys
939,Van Nuys
941,Van Nuys
942,Van Nuys
943,Van Nuys
944,Van Nuys
945,Van Nuys
946,Van Nuys
948,Van Nuys
952,Van Nuys
955,Van Nuys
957,Van Nuys
961,Van Nuys
963,Van Nuys
964,Van Nuys
966,Van Nuys
969,Van Nuys
971,Van Nuys
974,Van Nuys
976,Van Nuys
979,Van Nuys
981,Van Nuys
983,Van Nuys
984,Van Nuys
985,Van Nuys
989,Van Nuys
991,Van Nuys
994,Van Nuys
998,Van Nuys
1000,West Valley
1001,West Valley
1003,West Valley
1004,West Valley
1005,West Valley
1006,West Valley
1007,West Valley
1008,West Valley
1009,West Valley
1011,West Valley
1012,West Valley
1015,West Valley
1017,West Valley
1018,West Valley
1019,West Valley
1021,West Valley
1023,West Valley
1024,West Valley
1025,West Valley
1027,West Valley
1028,West Valley
1029,West Valley
1031,West Valley
1032,West Valley
1033,West Valley
1034,West Valley
1035,West Valley
1037,West Valley
1039,West Valley
1041,West Valley
1042,West Valley
1043,West Valley
1044,West Valley
1045,West Valley
1047,West Valley
1049,West Valley
1061,West Valley
1063,West Valley
1065,West Valley
1067,West Valley
1068,West Valley
1075,West Valley
1077,West Valley
1078,West Valley
1079,West Valley
1083,West Valley
1087,West Valley
1088,West Valley
1089,West Valley
1091,West Valley
1094,West Valley
1097,West Valley
1098,West Valley
1099,West Valley
1101,Northeast
1102,Northeast
1105,Northeast
1107,Northeast
1109,Northeast
1112,Northeast
1113,Northeast
1115,Northeast
1116,Northeast
1117,Northeast
1118,Northeast
1119,Northeast
1122,Northeast
1123,Northeast
1124,Northeast
1125,Northeast
1126,Northeast
1127,Northeast
1128,Northeast
1129,Northeast
1132,Northeast
1133,Northeast
1134,Northeast
1135,Northeast
1136,Northeast
1137,Northeast
1138,Northeast
1139,Northeast
1141,Northeast
1142,Northeast
1143,Northeast
1144,Northeast
1145,Northeast
1146,Northeast
1147,Northeast
1148,Northeast
1149,Northeast
1151,Northeast
1152,Northeast
1153,Northeast
1157,Northeast
1158,Northeast
1159,Northeast
1161,Northeast
1162,Northeast
1163,Northeast
1169,Northeast
1171,Northeast
1172,Northeast
1173,Northeast
1174,Northeast
1175,Northeast
1176,Northeast
1177,Northeast
1178,Northeast
1179,Northeast
1181,Northeast
1183,Northeast
1184,Northeast
1185,Northeast
1186,Northeast
1189,Northeast
1195,Northeast
1199,Northeast
1200,77th Street
1203,77th Street
1204,77th Street
1205,77th Street
1207,77th Street
1208,77th Street
1209,77th Street
1211,77th Street
1213,77th Street
1215,77th Street
1218,77th Street
1219,77th Street
1231,77th Street
1232,77th Street
1233,77th Street
1235,77th Street
1239,77th Street
1241,77th Street
1242,77th Street
1243,77th Street
1245,77th Street
1248,77th Street
1249,77th Street
1251,77th Street
1252,77th Street
1253,77th Street
1255,77th Street
1256,77th Street
1257,77th Street
1258,77th Street
1259,77th Street
1263,77th Street
1265,77th Street
1266,77th Street
1267,77th Street
1268,77th Street
1269,77th Street
1273,77th Street
1283,77th Street
1293,77th Street
1300,Newton
1303,Newton
1307,Newton
1309,Newton
1311,Newton
1313,Newton
1317,Newton
1321,Newton
1322,Newton
1323,Newton
1324,Newton
1325,Newton
1326,Newton
1327,Newton
1331,Newton
1333,Newton
1341,Newton
1342,Newton
1343,Newton
1344,Newton
1345,Newton
1346,Newton
1347,Newton
1351,Newton
1352,Newton
1353,Newton
1354,Newton
1361,Newton
1362,Newton
1363,Newton
1364,Newton
1365,Newton
1367,Newton
1371,Newton
1372,Newton
1373,Newton
1375,Newton
1377,Newton
1381,Newton
1383,Newton
1385,Newton
1391,Newton
1393,Newton
1394,Newton
1395,Newton
1400,Pacific
1401,Pacific
1402,Pacific
1403,Pacific
1405,Pacific
1406,Pacific
1407,Pacific
1408,Pacific
1409,Pacific
1411,Pacific
1412,Pacific
1413,Pacific
1414,Pacific
1415,Pacific
1416,Pacific
1424,Pacific
1425,Pacific
1426,Pacific
1427,Pacific
1428,Pacific
1431,Pacific
1432,Pacific
1433,Pacific
1434,Pacific
1435,Pacific
1436,Pacific
1437,Pacific
1438,Pacific
1441,Pacific
1443,Pacific
1444,Pacific
1445,Pacific
1446,Pacific
1449,Pacific
1451,Pacific
1452,Pacific
1453,Pacific
1454,Pacific
1455,Pacific
1456,Pacific
1457,Pacific
1458,Pacific
1459,Pacific
1462,Pacific
1463,Pacific
1464,Pacific
1465,Pacific
1466,Pacific
1467,Pacific
1468,Pacific
1469,Pacific
1471,Pacific
1472,Pacific
1473,Pacific
1474,Pacific
1475,Pacific
1476,Pacific
1477,Pacific
1479,Pacific
1483,Pacific
1484,Pacific
1485,Pacific
1486,Pacific
1487,Pacific
1488,Pacific
1489,Pacific
1491,Pacific
1492,Pacific
1493,Pacific
1494,Pacific
1495,Pacific
1496,Pacific
1497,Pacific
1498,Pacific
1499,Pacific
1501,N Hollywood
1502,N Hollywood
1503,N Hollywood
1504,N Hollywood
1505,N Hollywood
1506,N Hollywood
1508,N Hollywood
1509,N Hollywood
1511,N Hollywood
1512,N Hollywood
1513,N Hollywood
1514,N Hollywood
1515,N Hollywood
1516,N Hollywood
1517,N Hollywood
1519,N Hollywood
1521,N Hollywood
1522,N Hollywood
1523,N Hollywood
1524,N Hollywood
1525,N Hollywood
1526,N Hollywood
1527,N Hollywood
1529,N Hollywood
1531,N Hollywood
1532,N Hollywood
1533,N Hollywood
1535,N Hollywood
1538,N Hollywood
1539,N Hollywood
1541,N Hollywood
1542,N Hollywood
1543,N Hollywood
1544,N Hollywood
1545,N Hollywood
1546,N Hollywood
1547,N Hollywood
1548,N Hollywood
1549,N Hollywood
1551,N Hollywood
1553,N Hollywood
1555,N Hollywood
1557,N Hollywood
1559,N Hollywood
1562,N Hollywood
1563,N Hollywood
1565,N Hollywood
1566,N Hollywood
1567,N Hollywood
1569,N Hollywood
1581,N Hollywood
1583,N Hollywood
1585,N Hollywood
1586,N Hollywood
1587,N Hollywood
1588,N Hollywood
1589,N Hollywood
1591,N Hollywood
1595,N Hollywood
1596,N Hollywood
1599,N Hollywood
1600,Foothill
1601,Foothill
1602,Foothill
1603,Foothill
1605,Foothill
1606,Foothill
1608,Foothill
1611,Foothill
1612,Foothill
1613,Foothill
1614,Foothill
1615,Foothill
1617,Foothill
1618,Foothill
1619,Foothill
1621,Foothill
1622,Foothill
1623,Foothill
1633,Foothill
1634,Foothill
1635,Foothill
1636,Foothill
1637,Foothill
1638,Foothill
1639,Foothill
1641,Foothill
1642,Foothill
1643,Foothill
1645,Foothill
1651,Foothill
1653,Foothill
1654,Foothill
1655,Foothill
1656,Foothill
1657,Foothill
1658,Foothill
1659,Foothill
1661,Foothill
1663,Foothill
1664,Foothill
1665,Foothill
1667,Foothill
1668,Foothill
1669,Foothill
1671,Foothill
1672,Foothill
1673,Foothill
1675,Foothill
1676,Foothill
1677,Foothill
1678,Foothill
1679,Foothill
1681,Foothill
1682,Foothill
1683,Foothill
1684,Foothill
1685,Foothill
1687,Foothill
1689,Foothill
1691,Foothill
1693,Foothill
1695,Foothill
1698,Foothill
1699,Foothill
1701,Devonshire
1703,Devonshire
1705,Devonshire
1707,Devonshire
1708,Devonshire
1709,Devonshire
1712,Devonshire
1713,Devonshire
1714,Devonshire
1715,Devonshire
1716,Devonshire
1717,Devonshire
1718,Devonshire
1719,Devonshire
1721,Devonshire
1722,Devonshire
1723,Devonshire
1725,Devonshire
1727,Devonshire
1728,Devonshire
1729,Devonshire
1735,Devonshire
1736,Devonshire
1737,Devonshire
1738,Devonshire
1739,Devonshire
1743,Devonshire
1745,Devonshire
1747,Devonshire
1749,Devonshire
1751,Devonshire
1752,Devonshire
1753,Devonshire
1754,Devonshire
1755,Devonshire
1756,Devonshire
1757,Devonshire
1758,Devonshire
1759,Devonshire
1761,Devonshire
1762,Devonshire
1763,Devonshire
1764,Devonshire
1765,Devonshire
1766,Devonshire
1767,Devonshire
1768,Devonshire
1771,Devonshire
1772,Devonshire
1773,Devonshire
1774,Devonshire
1775,Devonshire
1776,Devonshire
1777,Devonshire
1778,Devonshire
1779,Devonshire
1781,Devonshire
1782,Devonshire
1783,Devonshire
1784,Devonshire
1785,Devonshire
1787,Devonshire
1788,Devonshire
1791,Devonshire
1792,Devonshire
1793,Devonshire
1794,Devonshire
1795,Devonshire
1796,Devonshire
1797,Devonshire
1798,Devonshire
1799,Devonshire
1801,Southeast
1802,Southeast
1803,Southeast
1804,Southeast
1805,Southeast
1806,Southeast
1821,Southeast
1822,Southeast
1823,Southeast
1824,Southeast
1826,Southeast
1827,Southeast
1829,Southeast
1831,Southeast
1832,Southeast
1834,Southeast
1835,Southeast
1836,Southeast
1837,Southeast
1838,Southeast
1839,Southeast
1841,Southeast
1842,Southeast
1844,Southeast
1846,Southeast
1849,Southeast
1851,Southeast
1861,Southeast
1862,Southeast
1863,Southeast
1864,Southeast
1871,Southeast
1881,Southeast
1891,Southeast
1901,Mission
1902,Mission
1903,Mission
1904,Mission
1905,Mission
1906,Mission
1907,Mission
1908,Mission
1909,Mission
1911,Mission
1912,Mission
1913,Mission
1915,Mission
1916,Mission
1917,Mission
1918,Mission
1919,Mission
1921,Mission
1924,Mission
1925,Mission
1931,Mission
1934,Mission
1935,Mission
1936,Mission
1941,Mission
1942,Mission
1943,Mission
1944,Mission
1945,Mission
1951,Mission
1952,Mission
1954,Mission
1955,Mission
1956,Mission
1958,Mission
1959,Mission
1961,Mission
1962,Mission
1963,Mission
1964,Mission
1966,Mission
1967,Mission
1969,Mission
1971,Mission
1972,Mission
1974,Mission
1975,Mission
1977,Mission
1979,Mission
1981,Mission
1982,Mission
1983,Mission
1984,Mission
1985,Mission
1987,Mission
1988,Mission
1989,Mission
1991,Mission
1993,Mission
1994,Mission
1995,Mission
1996,Mission
1998,Mission
1999,Mission
2001,Olympic
2002,Olympic
2004,Olympic
2005,Olympic
2011,Olympic
2013,Olympic
2014,Olympic
2015,Olympic
2016,Olympic
2017,Olympic
2019,Olympic
2021,Olympic
2022,Olympic
2023,Olympic
2024,Olympic
2025,Olympic
2026,Olympic
2027,Olympic
2029,Olympic
2031,Olympic
2033,Olympic
2034,Olympic
2035,Olympic
2036,Olympic
2038,Olympic
2039,Olympic
2041,Olympic
2042,Olympic
2044,Olympic
2045,Olympic
2046,Olympic
2049,Olympic
2053,Olympic
2054,Olympic
2055,Olympic
2056,Olympic
2058,Olympic
2062,Olympic
2063,Olympic
2064,Olympic
2069,Olympic
2071,Olympic
2073,Olympic
2074,Olympic
2076,Olympic
2079,Olympic
2081,Olympic
2083,Olympic
2088,Olympic
2091,Olympic
2093,Olympic
2097,Olympic
2099,Olympic
2101,Topanga
2102,Topanga
2103,Topanga
2104,Topanga
2105,Topanga
2106,Topanga
2107,Topanga
2111,Topanga
2113,Topanga
2114,Topanga
2115,Topanga
2118,Topanga
2125,Topanga
2126,Topanga
2128,Topanga
2129,Topanga
2131,Topanga
2132,Topanga
2133,Topanga
2134,Topanga
2136,Topanga
2137,Topanga
2138,Topanga
2139,Topanga
2141,Topanga
2142,Topanga
2143,Topanga
2144,Topanga
2145,Topanga
2146,Topanga
2147,Topanga
2148,Topanga
2149,Topanga
2155,Topanga
2156,Topanga
2157,Topanga
2158,Topanga
2159,Topanga
2161,Topanga
2162,Topanga
2169,Topanga
2172,Topanga
2173,Topanga
2175,Topanga
2177,Topanga
2183,Topanga
2185,Topanga
2187,Topanga
2189,Topanga
2196,Topanga
2197,Topanga
2198,Topanga
2199,Topanga
